Time, ElapsedTime (s),"%, Acid","%, Base","Acid Flow, mL/s","Base Flow, mL/s","pH","T_Room",,,,
2/24/2025 12:56:28 PM , 1.00400000000081 ,0.00,60.00,0.00,3.87,9.61,22.44,,,,
2/24/2025 12:56:29 PM , 1.35800000000017 ,0.00,60.00,0.00,3.87,9.65,22.42,,,,
2/24/2025 12:56:29 PM , 1.69599999999627 ,0.00,60.00,0.00,3.87,9.58,22.43,,,,
2/24/2025 12:56:29 PM , 2.04499999999825 ,0.00,60.00,0.00,3.87,9.69,22.49,,,,
2/24/2025 12:56:30 PM , 2.38199999999779 ,0.00,60.00,0.00,3.87,9.69,22.51,,,,
2/24/2025 12:56:30 PM , 2.73099999999977 ,0.00,60.00,0.00,3.87,9.70,22.51,,,,
2/24/2025 12:56:31 PM , 3.06899999999587 ,0.00,60.00,0.00,3.87,9.80,22.49,,,,
2/24/2025 12:56:31 PM , 3.41900000000169 ,0.00,60.00,0.00,3.87,9.80,22.51,,,,
2/24/2025 12:56:31 PM , 3.75600000000122 ,0.00,60.00,0.00,3.87,9.88,22.47,,,,
2/24/2025 12:56:32 PM , 4.10699999999633 ,0.00,60.00,0.00,3.87,9.86,22.45,,,,
2/24/2025 12:56:32 PM , 4.44499999999971 ,0.00,60.00,0.00,3.87,9.83,22.47,,,,
2/24/2025 12:56:32 PM , 4.79400000000169 ,0.00,60.00,0.00,3.87,9.85,22.45,,,,
2/24/2025 12:56:33 PM , 5.13500000000204 ,0.00,60.00,0.00,3.87,9.93,22.49,,,,
2/24/2025 12:56:33 PM , 5.47400000000198 ,0.00,60.00,0.00,3.87,9.99,22.45,,,,
2/24/2025 12:56:33 PM , 5.82800000000134 ,0.00,60.00,0.00,3.87,9.94,22.45,,,,
2/24/2025 12:56:34 PM , 6.16799999999785 ,0.00,60.00,0.00,3.87,10.04,22.49,,,,
2/24/2025 12:56:34 PM , 6.50600000000122 ,0.00,60.00,0.00,3.87,10.07,22.45,,,,
2/24/2025 12:56:34 PM , 6.85899999999674 ,0.00,60.00,0.00,3.87,10.02,22.43,,,,
2/24/2025 12:56:35 PM , 7.2019999999975 ,0.00,60.00,0.00,3.87,10.13,22.48,,,,
2/24/2025 12:56:35 PM , 7.53899999999703 ,0.00,60.00,0.00,3.87,10.14,22.44,,,,
2/24/2025 12:56:35 PM , 7.88799999999901 ,0.00,60.00,0.00,3.87,10.17,22.45,,,,
2/24/2025 12:56:36 PM , 8.22699999999895 ,0.00,60.00,0.00,3.87,10.12,22.44,,,,
2/24/2025 12:56:36 PM , 8.57800000000134 ,0.00,60.00,0.00,3.87,10.13,22.44,,,,
2/24/2025 12:56:36 PM , 8.91500000000087 ,0.00,60.00,0.00,3.87,10.18,22.47,,,,
2/24/2025 12:56:37 PM , 9.2589999999982 ,0.00,60.00,0.00,3.87,10.19,22.43,,,,
2/24/2025 12:56:37 PM , 9.59799999999814 ,0.00,60.00,0.00,3.87,10.19,22.47,,,,
2/24/2025 12:56:37 PM , 9.95300000000134 ,0.00,60.00,0.00,3.87,10.27,22.46,,,,
2/24/2025 12:56:38 PM , 10.2960000000021 ,0.00,60.00,0.00,3.87,10.20,22.45,,,,
2/24/2025 12:56:38 PM , 10.6549999999988 ,0.00,60.00,0.00,3.87,10.32,22.45,,,,
2/24/2025 12:56:38 PM , 10.9930000000022 ,0.00,60.00,0.00,3.87,10.26,22.43,,,,
2/24/2025 12:56:39 PM , 11.3419999999969 ,0.00,60.00,0.00,3.87,10.31,22.42,,,,
2/24/2025 12:56:39 PM , 11.6800000000003 ,0.00,60.00,0.00,3.87,10.27,22.45,,,,
2/24/2025 12:56:39 PM , 12.0190000000002 ,0.00,60.00,0.00,3.87,10.35,22.47,,,,
2/24/2025 12:56:40 PM , 12.3580000000002 ,0.00,60.00,0.00,3.87,10.31,22.42,,,,
2/24/2025 12:56:40 PM , 12.7070000000022 ,0.00,60.00,0.00,3.87,10.38,22.42,,,,
2/24/2025 12:56:41 PM , 13.0610000000015 ,0.00,60.00,0.00,3.87,10.37,22.43,,,,
2/24/2025 12:56:41 PM , 13.400999999998 ,0.00,60.00,0.00,3.87,10.39,22.48,,,,
2/24/2025 12:56:41 PM , 13.7379999999976 ,0.00,60.00,0.00,3.87,10.43,22.45,,,,
2/24/2025 12:56:42 PM , 14.0930000000008 ,0.00,60.00,0.00,3.87,10.42,22.42,,,,
2/24/2025 12:56:42 PM , 14.4429999999993 ,0.00,60.00,0.00,3.87,10.39,22.41,,,,
2/24/2025 12:56:42 PM , 14.7940000000017 ,0.00,60.00,0.00,3.87,10.42,22.41,,,,
2/24/2025 12:56:43 PM , 15.135000000002 ,0.00,60.00,0.00,3.87,10.47,22.46,,,,
2/24/2025 12:56:43 PM , 15.474000000002 ,0.00,60.00,0.00,3.87,10.48,22.42,,,,
2/24/2025 12:56:43 PM , 15.8289999999979 ,0.00,60.00,0.00,3.87,10.43,22.43,,,,
2/24/2025 12:56:44 PM , 16.1750000000029 ,0.00,60.00,0.00,3.87,10.47,22.40,,,,
2/24/2025 12:56:44 PM , 16.5290000000023 ,0.00,60.00,0.00,3.87,10.46,22.42,,,,
2/24/2025 12:56:44 PM , 16.8660000000018 ,0.00,60.00,0.00,3.87,10.46,22.46,,,,
2/24/2025 12:56:45 PM , 17.2129999999961 ,0.00,60.00,0.00,3.87,10.46,22.44,,,,
2/24/2025 12:56:45 PM , 17.5539999999964 ,0.00,60.00,0.00,3.87,10.54,22.46,,,,
2/24/2025 12:56:45 PM , 17.8940000000002 ,0.00,60.00,0.00,3.87,10.48,22.42,,,,
2/24/2025 12:56:46 PM , 18.2379999999976 ,0.00,60.00,0.00,3.87,10.60,22.44,,,,
2/24/2025 12:56:46 PM , 18.5910000000003 ,0.00,60.00,0.00,3.87,10.58,22.42,,,,
2/24/2025 12:56:46 PM , 18.9289999999964 ,0.00,60.00,0.00,3.87,10.51,22.42,,,,
2/24/2025 12:56:47 PM , 19.273000000001 ,0.00,60.00,0.00,3.87,10.59,22.41,,,,
2/24/2025 12:56:47 PM , 19.6229999999996 ,0.00,60.00,0.00,3.87,10.59,22.44,,,,
2/24/2025 12:56:47 PM , 19.9760000000024 ,0.00,60.00,0.00,3.87,10.57,22.41,,,,
2/24/2025 12:56:48 PM , 20.3289999999979 ,0.00,60.00,0.00,3.87,10.54,22.42,,,,
2/24/2025 12:56:48 PM , 20.6759999999995 ,0.00,60.00,0.00,3.87,10.59,22.40,,,,
2/24/2025 12:56:48 PM , 21.0310000000027 ,0.00,60.00,0.00,3.87,10.57,22.44,,,,
2/24/2025 12:56:49 PM , 21.3719999999958 ,0.00,60.00,0.00,3.87,10.64,22.44,,,,
2/24/2025 12:56:49 PM , 21.7090000000026 ,0.00,60.00,0.00,3.87,10.62,22.42,,,,
2/24/2025 12:56:50 PM , 22.0599999999977 ,0.00,60.00,0.00,3.87,10.60,22.41,,,,
2/24/2025 12:56:50 PM , 22.3940000000002 ,0.00,60.00,0.00,3.87,10.59,22.42,,,,
2/24/2025 12:56:50 PM , 22.7469999999958 ,0.00,60.00,0.00,3.87,10.59,22.44,,,,
2/24/2025 12:56:51 PM , 23.1010000000024 ,0.00,60.00,0.00,3.87,10.64,22.46,,,,
2/24/2025 12:56:51 PM , 23.4530000000013 ,0.00,60.00,0.00,3.87,10.68,22.46,,,,
2/24/2025 12:56:51 PM , 23.8070000000007 ,0.00,60.00,0.00,3.87,10.68,22.42,,,,
2/24/2025 12:56:52 PM , 24.1489999999976 ,0.00,60.00,0.00,3.87,10.63,22.45,,,,
2/24/2025 12:56:52 PM , 24.4989999999962 ,0.00,60.00,0.00,3.87,10.64,22.46,,,,
2/24/2025 12:56:52 PM , 24.8359999999957 ,0.00,60.00,0.00,3.87,10.70,22.47,,,,
2/24/2025 12:56:53 PM , 25.1820000000007 ,0.00,60.00,0.00,3.87,10.66,22.46,,,,
2/24/2025 12:56:53 PM , 25.5210000000006 ,0.00,60.00,0.00,3.87,10.73,22.45,,,,
2/24/2025 12:56:53 PM , 25.8709999999992 ,0.00,60.00,0.00,3.87,10.74,22.46,,,,
2/24/2025 12:56:54 PM , 26.2099999999991 ,0.00,60.00,0.00,3.87,10.70,22.43,,,,
2/24/2025 12:56:54 PM , 26.5610000000015 ,0.00,60.00,0.00,3.87,10.68,22.43,,,,
2/24/2025 12:56:54 PM , 26.9000000000015 ,0.00,60.00,0.00,3.87,10.71,22.48,,,,
2/24/2025 12:56:55 PM , 27.239999999998 ,0.00,60.00,0.00,3.87,10.76,22.43,,,,
2/24/2025 12:56:55 PM , 27.5809999999983 ,0.00,60.00,0.00,3.87,10.69,22.47,,,,
2/24/2025 12:56:55 PM , 27.9179999999978 ,0.00,60.00,0.00,3.87,10.74,22.48,,,,
2/24/2025 12:56:56 PM , 28.2640000000029 ,0.00,60.00,0.00,3.87,10.70,22.45,,,,
2/24/2025 12:56:56 PM , 28.601999999999 ,0.00,60.00,0.00,3.87,10.77,22.47,,,,
2/24/2025 12:56:56 PM , 28.9409999999989 ,0.00,60.00,0.00,3.87,10.77,22.44,,,,
2/24/2025 12:56:57 PM , 29.2799999999988 ,0.00,60.00,0.00,3.87,10.72,22.46,,,,
2/24/2025 12:56:57 PM , 29.6370000000024 ,0.00,60.00,0.00,3.87,10.80,22.46,,,,
2/24/2025 12:56:57 PM , 29.9749999999985 ,0.00,60.00,0.00,3.87,10.77,22.43,,,,
2/24/2025 12:56:58 PM , 30.3260000000009 ,0.00,60.00,0.00,3.87,10.77,22.42,,,,
2/24/2025 12:56:58 PM , 30.6630000000005 ,0.00,60.00,0.00,3.87,10.74,22.45,,,,
2/24/2025 12:56:58 PM , 31.012999999999 ,0.00,60.00,0.00,3.87,10.75,22.44,,,,
2/24/2025 12:56:59 PM , 31.3569999999963 ,0.00,60.00,0.00,3.87,10.82,22.42,,,,
2/24/2025 12:56:59 PM , 31.6959999999963 ,0.00,60.00,0.00,3.87,10.76,22.45,,,,
2/24/2025 12:56:59 PM , 32.0339999999997 ,0.00,60.00,0.00,3.87,10.81,22.47,,,,
2/24/2025 12:57:00 PM , 32.3719999999958 ,0.00,60.00,0.00,3.87,10.84,22.43,,,,
2/24/2025 12:57:00 PM , 32.7160000000003 ,0.00,60.00,0.00,3.87,10.82,22.47,,,,
2/24/2025 12:57:01 PM , 33.0610000000015 ,0.00,60.00,0.00,3.87,10.78,22.43,,,,
2/24/2025 12:57:01 PM , 33.3940000000002 ,0.00,60.00,0.00,3.87,10.80,22.42,,,,
2/24/2025 12:57:01 PM , 33.7330000000002 ,0.00,60.00,0.00,3.87,10.80,22.47,,,,
2/24/2025 12:57:02 PM , 34.0749999999971 ,0.00,60.00,0.00,3.87,10.85,22.42,,,,
2/24/2025 12:57:02 PM , 34.4119999999966 ,0.00,60.00,0.00,3.87,10.81,22.43,,,,
2/24/2025 12:57:02 PM , 34.7649999999994 ,0.00,60.00,0.00,3.87,10.82,22.46,,,,
2/24/2025 12:57:03 PM , 35.1219999999958 ,0.00,60.00,0.00,3.87,10.89,22.45,,,,
2/24/2025 12:57:03 PM , 35.4590000000026 ,0.00,60.00,0.00,3.87,10.87,22.42,,,,
2/24/2025 12:57:03 PM , 35.8119999999981 ,0.00,60.00,0.00,3.87,10.83,22.43,,,,
2/24/2025 12:57:04 PM , 36.1679999999978 ,0.00,60.00,0.00,3.87,10.87,22.47,,,,
2/24/2025 12:57:04 PM , 36.5049999999974 ,0.00,60.00,0.00,3.87,10.91,22.45,,,,
2/24/2025 12:57:04 PM , 36.8580000000002 ,0.00,60.00,0.00,3.87,10.88,22.42,,,,
2/24/2025 12:57:05 PM , 37.1979999999967 ,0.00,60.00,0.00,3.87,10.85,22.46,,,,
2/24/2025 12:57:05 PM , 37.5349999999962 ,0.00,60.00,0.00,3.87,10.88,22.47,,,,
2/24/2025 12:57:05 PM , 37.8719999999958 ,0.00,60.00,0.00,3.87,10.91,22.43,,,,
2/24/2025 12:57:06 PM , 38.2350000000006 ,0.00,60.00,0.00,3.87,10.90,22.46,,,,
2/24/2025 12:57:06 PM , 38.5879999999961 ,0.00,60.00,0.00,3.87,10.93,22.43,,,,
2/24/2025 12:57:06 PM , 38.9259999999995 ,0.00,60.00,0.00,3.87,10.88,22.41,,,,
2/24/2025 12:57:07 PM , 39.2799999999988 ,0.00,60.00,0.00,3.87,10.86,22.43,,,,
2/24/2025 12:57:07 PM , 39.6229999999996 ,0.00,60.00,0.00,3.87,10.94,22.42,,,,
2/24/2025 12:57:07 PM , 39.9609999999957 ,0.00,60.00,0.00,3.87,10.88,22.41,,,,
2/24/2025 12:57:08 PM , 40.3070000000007 ,0.00,60.00,0.00,3.87,10.94,22.40,,,,
2/24/2025 12:57:08 PM , 40.6449999999968 ,0.00,60.00,0.00,3.87,10.88,22.42,,,,
2/24/2025 12:57:08 PM , 40.9989999999962 ,0.00,60.00,0.00,3.87,10.90,22.46,,,,
2/24/2025 12:57:09 PM , 41.3530000000028 ,0.00,60.00,0.00,3.87,10.96,22.46,,,,
2/24/2025 12:57:09 PM , 41.6909999999989 ,0.00,60.00,0.00,3.87,10.94,22.42,,,,
2/24/2025 12:57:09 PM , 42.0440000000017 ,0.00,60.00,0.00,3.87,10.90,22.42,,,,
2/24/2025 12:57:10 PM , 42.3819999999978 ,0.00,60.00,0.00,3.87,10.92,22.46,,,,
2/24/2025 12:57:10 PM , 42.7350000000006 ,0.00,60.00,0.00,3.87,10.97,22.47,,,,
2/24/2025 12:57:11 PM , 43.0729999999967 ,0.00,60.00,0.00,3.87,10.97,22.43,,,,
2/24/2025 12:57:11 PM , 43.4099999999962 ,0.00,60.00,0.00,3.87,10.93,22.43,,,,
2/24/2025 12:57:11 PM , 43.7469999999958 ,0.00,60.00,0.00,3.87,10.93,22.45,,,,
2/24/2025 12:57:12 PM , 44.0849999999991 ,0.00,60.00,0.00,3.87,10.99,22.46,,,,
2/24/2025 12:57:12 PM , 44.4360000000015 ,0.00,60.00,0.00,3.87,10.99,22.46,,,,
2/24/2025 12:57:12 PM , 44.7739999999976 ,0.00,60.00,0.00,3.87,10.97,22.41,,,,
2/24/2025 12:57:13 PM , 45.1239999999962 ,0.00,60.00,0.00,3.87,10.97,22.42,,,,
2/24/2025 12:57:13 PM , 45.4619999999995 ,0.00,60.00,0.00,3.87,10.94,22.45,,,,
2/24/2025 12:57:13 PM , 45.8000000000029 ,0.00,60.00,0.00,3.87,10.99,22.46,,,,
2/24/2025 12:57:14 PM , 46.1540000000023 ,0.00,60.00,0.00,3.87,11.02,22.44,,,,
2/24/2025 12:57:14 PM , 46.4910000000018 ,0.00,60.00,0.00,3.87,10.98,22.42,,,,
2/24/2025 12:57:14 PM , 46.8399999999965 ,0.00,60.00,0.00,3.87,10.99,22.41,,,,
2/24/2025 12:57:15 PM , 47.1909999999989 ,0.00,60.00,0.00,3.87,10.98,22.41,,,,
2/24/2025 12:57:15 PM , 47.5290000000023 ,0.00,60.00,0.00,3.87,10.96,22.45,,,,
2/24/2025 12:57:15 PM , 47.8719999999958 ,0.00,60.00,0.00,3.87,11.02,22.41,,,,
2/24/2025 12:57:16 PM , 48.2119999999995 ,0.00,60.00,0.00,3.87,10.96,22.45,,,,
2/24/2025 12:57:16 PM , 48.5500000000029 ,0.00,60.00,0.00,3.87,11.02,22.46,,,,
2/24/2025 12:57:16 PM , 48.9029999999984 ,0.00,60.00,0.00,3.87,11.04,22.45,,,,
2/24/2025 12:57:17 PM , 49.2419999999984 ,0.00,60.00,0.00,3.87,10.99,22.44,,,,
2/24/2025 12:57:17 PM , 49.5910000000003 ,0.00,60.00,0.00,3.87,10.99,22.41,,,,
2/24/2025 12:57:17 PM , 49.9309999999969 ,0.00,60.00,0.00,3.87,11.01,22.48,,,,
2/24/2025 12:57:18 PM , 50.275999999998 ,0.00,60.00,0.00,3.87,10.98,22.43,,,,
2/24/2025 12:57:18 PM , 50.6140000000014 ,0.00,60.00,0.00,3.87,11.01,22.47,,,,
2/24/2025 12:57:18 PM , 50.9669999999969 ,0.00,60.00,0.00,3.87,11.05,22.46,,,,
2/24/2025 12:57:19 PM , 51.3099999999977 ,0.00,60.00,0.00,3.87,10.99,22.46,,,,
2/24/2025 12:57:19 PM , 51.6710000000021 ,0.00,60.00,0.00,3.87,11.07,22.43,,,,
2/24/2025 12:57:19 PM , 52.0239999999976 ,0.00,60.00,0.00,3.87,11.03,22.43,,,,
2/24/2025 12:57:20 PM , 52.3739999999962 ,0.00,60.00,0.00,3.87,11.02,22.44,,,,
2/24/2025 12:57:20 PM , 52.7119999999995 ,0.00,60.00,0.00,3.87,11.01,22.48,,,,
2/24/2025 12:57:21 PM , 53.0500000000029 ,0.00,60.00,0.00,3.87,11.08,22.48,,,,
2/24/2025 12:57:21 PM , 53.4029999999984 ,0.00,60.00,0.00,3.87,11.08,22.46,,,,
2/24/2025 12:57:21 PM , 53.739999999998 ,0.00,60.00,0.00,3.87,11.05,22.44,,,,
2/24/2025 12:57:22 PM , 54.0930000000008 ,0.00,60.00,0.00,3.87,11.02,22.47,,,,
2/24/2025 12:57:22 PM , 54.4320000000007 ,0.00,60.00,0.00,3.87,11.07,22.50,,,,
2/24/2025 12:57:22 PM , 54.7710000000006 ,0.00,60.00,0.00,3.87,11.07,22.45,,,,
2/24/2025 12:57:23 PM , 55.1239999999962 ,0.00,60.00,0.00,3.87,11.04,22.45,,,,
2/24/2025 12:57:23 PM , 55.476999999999 ,0.00,60.00,0.00,3.87,11.03,22.48,,,,
2/24/2025 12:57:23 PM , 55.8280000000013 ,0.00,60.00,0.00,3.87,11.05,22.50,,,,
2/24/2025 12:57:24 PM , 56.1849999999977 ,0.00,60.00,0.00,3.87,11.11,22.48,,,,
2/24/2025 12:57:24 PM , 56.5239999999976 ,0.00,60.00,0.00,3.87,11.05,22.47,,,,
2/24/2025 12:57:24 PM , 56.8729999999996 ,0.00,60.00,0.00,3.87,11.06,22.44,,,,
2/24/2025 12:57:25 PM , 57.2229999999981 ,0.00,60.00,0.00,3.87,11.06,22.45,,,,
2/24/2025 12:57:25 PM , 57.5769999999975 ,0.00,60.00,0.00,3.87,11.05,22.49,,,,
2/24/2025 12:57:25 PM , 57.913999999997 ,0.00,60.00,0.00,3.87,11.10,22.50,,,,
2/24/2025 12:57:26 PM , 58.260000000002 ,0.00,60.00,0.00,3.87,11.05,22.49,,,,
2/24/2025 12:57:26 PM , 58.5979999999981 ,0.00,60.00,0.00,3.87,11.11,22.51,,,,
2/24/2025 12:57:26 PM , 58.9519999999975 ,0.00,60.00,0.00,3.87,11.12,22.47,,,,
2/24/2025 12:57:27 PM , 59.2920000000013 ,0.00,60.00,0.00,3.87,11.06,22.49,,,,
2/24/2025 12:57:27 PM , 59.6399999999994 ,0.00,60.00,0.00,3.87,11.07,22.46,,,,
2/24/2025 12:57:27 PM , 59.9780000000028 ,0.00,60.00,0.00,3.87,11.08,22.50,,,,
2/24/2025 12:57:28 PM , 60.3159999999989 ,0.00,60.00,0.00,3.87,11.14,22.50,,,,
2/24/2025 12:57:28 PM , 60.6699999999983 ,0.00,60.00,0.00,3.87,11.12,22.47,,,,
2/24/2025 12:57:28 PM , 61.0239999999976 ,0.00,60.00,0.00,3.87,11.08,22.48,,,,
2/24/2025 12:57:29 PM , 61.3729999999996 ,0.00,60.00,0.00,3.87,11.09,22.47,,,,
2/24/2025 12:57:29 PM , 61.7260000000024 ,0.00,60.00,0.00,3.87,11.09,22.50,,,,
2/24/2025 12:57:30 PM , 62.0780000000013 ,0.00,60.00,0.00,3.87,11.11,22.51,,,,
2/24/2025 12:57:30 PM , 62.4250000000029 ,0.00,60.00,0.00,3.87,11.09,22.49,,,,
2/24/2025 12:57:30 PM , 62.7779999999984 ,0.00,60.00,0.00,3.87,11.12,22.48,,,,
2/24/2025 12:57:31 PM , 63.137999999999 ,0.00,60.00,0.00,3.87,11.10,22.44,,,,
2/24/2025 12:57:31 PM , 63.4910000000018 ,0.00,60.00,0.00,3.87,11.10,22.46,,,,
2/24/2025 12:57:31 PM , 63.8410000000003 ,0.00,60.00,0.00,3.87,11.10,22.46,,,,
2/24/2025 12:57:32 PM , 64.2019999999975 ,0.00,60.00,0.00,3.87,11.14,22.43,,,,
2/24/2025 12:57:32 PM , 64.5550000000003 ,0.00,60.00,0.00,3.87,11.11,22.43,,,,
2/24/2025 12:57:32 PM , 64.9060000000027 ,0.00,60.00,0.00,3.87,11.11,22.44,,,,
2/24/2025 12:57:33 PM , 65.2549999999974 ,0.00,60.00,0.00,3.87,11.12,22.43,,,,
2/24/2025 12:57:33 PM , 65.6080000000002 ,0.00,60.00,0.00,3.87,11.11,22.46,,,,
2/24/2025 12:57:33 PM , 65.9590000000026 ,0.00,60.00,0.00,3.87,11.12,22.48,,,,
2/24/2025 12:57:34 PM , 66.3130000000019 ,0.00,60.00,0.00,3.87,11.17,22.47,,,,
2/24/2025 12:57:34 PM , 66.6710000000021 ,0.00,60.00,0.00,3.87,11.13,22.44,,,,
2/24/2025 12:57:34 PM , 67.0250000000015 ,0.00,60.00,0.00,3.87,11.13,22.46,,,,
2/24/2025 12:57:35 PM , 67.3640000000014 ,0.00,60.00,0.00,3.87,11.19,22.45,,,,
2/24/2025 12:57:35 PM , 67.7099999999991 ,0.00,60.00,0.00,3.87,11.16,22.48,,,,
2/24/2025 12:57:36 PM , 68.0500000000029 ,0.00,60.00,0.00,3.87,11.19,22.42,,,,
2/24/2025 12:57:36 PM , 68.4040000000023 ,0.00,60.00,0.00,3.87,11.14,22.43,,,,
2/24/2025 12:57:36 PM , 68.7410000000018 ,0.00,60.00,0.00,3.87,11.14,22.46,,,,
2/24/2025 12:57:37 PM , 69.0919999999969 ,0.00,60.00,0.00,3.87,11.15,22.47,,,,
2/24/2025 12:57:37 PM , 69.4309999999969 ,0.00,60.00,0.00,3.87,11.20,22.45,,,,
2/24/2025 12:57:37 PM , 69.7699999999968 ,0.00,60.00,0.00,3.87,11.16,22.43,,,,
2/24/2025 12:57:38 PM , 70.1239999999962 ,0.00,60.00,0.00,3.87,11.14,22.46,,,,
2/24/2025 12:57:38 PM , 70.476999999999 ,0.00,60.00,0.00,3.87,11.19,22.47,,,,
2/24/2025 12:57:38 PM , 70.8280000000013 ,0.00,60.00,0.00,3.87,11.19,22.48,,,,
2/24/2025 12:57:39 PM , 71.1840000000011 ,0.00,60.00,0.00,3.87,11.18,22.43,,,,
2/24/2025 12:57:39 PM , 71.5219999999972 ,0.00,60.00,0.00,3.87,11.15,22.45,,,,
2/24/2025 12:57:39 PM , 71.8719999999958 ,0.00,60.00,0.00,3.87,11.15,22.45,,,,
2/24/2025 12:57:40 PM , 72.2099999999991 ,0.00,60.00,0.00,3.87,11.20,22.47,,,,
2/24/2025 12:57:40 PM , 72.5509999999995 ,0.00,60.00,0.00,3.87,11.19,22.42,,,,
2/24/2025 12:57:40 PM , 72.9040000000023 ,0.00,60.00,0.00,3.87,11.18,22.42,,,,
2/24/2025 12:57:41 PM , 73.2649999999994 ,0.00,60.00,0.00,3.87,11.19,22.43,,,,
2/24/2025 12:57:41 PM , 73.6039999999994 ,0.00,60.00,0.00,3.87,11.17,22.44,,,,
2/24/2025 12:57:41 PM , 73.9420000000027 ,0.00,60.00,0.00,3.87,11.20,22.48,,,,
2/24/2025 12:57:42 PM , 74.2810000000027 ,0.00,60.00,0.00,3.87,11.23,22.45,,,,
2/24/2025 12:57:42 PM , 74.637999999999 ,0.00,60.00,0.00,3.87,11.17,22.47,,,,
2/24/2025 12:57:42 PM , 74.9760000000024 ,0.00,60.00,0.00,3.87,11.21,22.48,,,,
2/24/2025 12:57:43 PM , 75.3280000000013 ,0.00,60.00,0.00,3.87,11.23,22.48,,,,
2/24/2025 12:57:43 PM , 75.6650000000009 ,0.00,60.00,0.00,3.87,11.23,22.45,,,,
2/24/2025 12:57:43 PM , 76.0199999999968 ,0.00,60.00,0.00,3.87,11.18,22.46,,,,
2/24/2025 12:57:44 PM , 76.3580000000002 ,0.00,60.00,0.00,3.87,11.21,22.49,,,,
2/24/2025 12:57:44 PM , 76.7109999999957 ,0.00,60.00,0.00,3.87,11.24,22.48,,,,
2/24/2025 12:57:45 PM , 77.0500000000029 ,0.00,60.00,0.00,3.87,11.21,22.43,,,,
2/24/2025 12:57:45 PM , 77.4029999999984 ,0.00,60.00,0.00,3.87,11.19,22.45,,,,
2/24/2025 12:57:45 PM , 77.7410000000018 ,0.00,60.00,0.00,3.87,11.22,22.49,,,,
2/24/2025 12:57:46 PM , 78.0899999999965 ,0.00,60.00,0.00,3.87,11.21,22.50,,,,
2/24/2025 12:57:46 PM , 78.4279999999999 ,0.00,60.00,0.00,3.87,11.26,22.48,,,,
2/24/2025 12:57:46 PM , 78.7790000000023 ,0.00,60.00,0.00,3.87,11.26,22.46,,,,
2/24/2025 12:57:47 PM , 79.1229999999996 ,0.00,60.00,0.00,3.87,11.22,22.50,,,,
2/24/2025 12:57:47 PM , 79.4749999999985 ,0.00,60.00,0.00,3.87,11.24,22.49,,,,
2/24/2025 12:57:47 PM , 79.8260000000009 ,0.00,60.00,0.00,3.87,11.26,22.50,,,,
2/24/2025 12:57:48 PM , 80.1829999999973 ,0.00,60.00,0.00,3.87,11.23,22.45,,,,
2/24/2025 12:57:48 PM , 80.5360000000001 ,0.00,60.00,0.00,3.87,11.21,22.47,,,,
2/24/2025 12:57:48 PM , 80.8890000000029 ,0.00,60.00,0.00,3.87,11.23,22.50,,,,
2/24/2025 12:57:49 PM , 81.2469999999958 ,0.00,60.00,0.00,3.87,11.26,22.46,,,,
2/24/2025 12:57:49 PM , 81.5840000000026 ,0.00,60.00,0.00,3.87,11.23,22.46,,,,
2/24/2025 12:57:49 PM , 81.9349999999977 ,0.00,60.00,0.00,3.87,11.22,22.47,,,,
2/24/2025 12:57:50 PM , 82.275999999998 ,0.00,60.00,0.00,3.87,11.22,22.49,,,,
2/24/2025 12:57:50 PM , 82.676999999996 ,0.00,60.00,0.00,3.87,11.28,22.48,,,,
2/24/2025 12:57:50 PM , 83.0299999999988 ,0.00,60.00,0.00,3.87,11.27,22.45,,,,
2/24/2025 12:57:51 PM , 83.3870000000024 ,0.00,60.00,0.00,3.87,11.24,22.49,,,,
2/24/2025 12:57:51 PM , 83.7249999999985 ,0.00,60.00,0.00,3.87,11.27,22.50,,,,
2/24/2025 12:57:52 PM , 84.0650000000023 ,0.00,60.00,0.00,3.87,11.25,22.45,,,,
2/24/2025 12:57:52 PM , 84.4179999999978 ,0.00,60.00,0.00,3.87,11.23,22.46,,,,
2/24/2025 12:57:52 PM , 84.7710000000006 ,0.00,60.00,0.00,3.87,11.24,22.49,,,,
2/24/2025 12:57:53 PM , 85.1209999999992 ,0.00,60.00,0.00,3.87,11.24,22.50,,,,
2/24/2025 12:57:53 PM , 85.4579999999987 ,0.00,60.00,0.00,3.87,11.28,22.49,,,,
2/24/2025 12:57:53 PM , 85.8099999999977 ,0.00,60.00,0.00,3.87,11.30,22.47,,,,
2/24/2025 12:57:54 PM , 86.1659999999974 ,0.00,60.00,0.00,3.87,11.25,22.46,,,,
2/24/2025 12:57:54 PM , 86.5199999999968 ,0.00,60.00,0.00,3.87,11.24,22.49,,,,
2/24/2025 12:57:54 PM , 86.8729999999996 ,0.00,60.00,0.00,3.87,11.28,22.50,,,,
2/24/2025 12:57:55 PM , 87.2209999999977 ,0.00,60.00,0.00,3.87,11.25,22.50,,,,
2/24/2025 12:57:55 PM , 87.5590000000011 ,0.00,60.00,0.00,3.87,11.30,22.49,,,,
2/24/2025 12:57:55 PM , 87.9210000000021 ,0.00,60.00,0.00,3.87,11.26,22.50,,,,
2/24/2025 12:57:56 PM , 88.2620000000024 ,0.00,60.00,0.00,3.87,11.30,22.46,,,,
2/24/2025 12:57:56 PM , 88.614999999998 ,0.00,60.00,0.00,3.87,11.28,22.46,,,,
2/24/2025 12:57:56 PM , 88.9680000000008 ,0.00,60.00,0.00,3.87,11.26,22.48,,,,
2/24/2025 12:57:57 PM , 89.3119999999981 ,0.00,60.00,0.00,3.87,11.31,22.47,,,,
2/24/2025 12:57:57 PM , 89.6520000000019 ,0.00,60.00,0.00,3.87,11.26,22.49,,,,
2/24/2025 12:57:57 PM , 89.9890000000014 ,0.00,60.00,0.00,3.87,11.29,22.52,,,,
2/24/2025 12:57:58 PM , 90.3419999999969 ,0.00,60.00,0.00,3.87,11.32,22.51,,,,
2/24/2025 12:57:58 PM , 90.6929999999993 ,0.00,60.00,0.00,3.87,11.32,22.50,,,,
2/24/2025 12:57:59 PM , 91.0440000000017 ,0.00,60.00,0.00,3.87,11.32,22.48,,,,
2/24/2025 12:57:59 PM , 91.4060000000027 ,0.00,60.00,0.00,3.87,11.31,22.52,,,,
2/24/2025 12:57:59 PM , 91.7589999999982 ,0.00,60.00,0.00,3.87,11.33,22.50,,,,
2/24/2025 12:58:00 PM , 92.0970000000016 ,0.00,60.00,0.00,3.87,11.30,22.47,,,,
2/24/2025 12:58:00 PM , 92.4510000000009 ,0.00,60.00,0.00,3.87,11.27,22.49,,,,
2/24/2025 12:58:00 PM , 92.8039999999964 ,0.00,60.00,0.00,3.87,11.29,22.52,,,,
2/24/2025 12:58:01 PM , 93.1569999999992 ,0.00,60.00,0.00,3.87,11.33,22.52,,,,
2/24/2025 12:58:01 PM , 93.4950000000026 ,0.00,60.00,0.00,3.87,11.30,22.48,,,,
2/24/2025 12:58:01 PM , 93.8479999999981 ,0.00,60.00,0.00,3.87,11.29,22.47,,,,
2/24/2025 12:58:02 PM , 94.2019999999975 ,0.00,60.00,0.00,3.87,11.28,22.52,,,,
2/24/2025 12:58:02 PM , 94.538999999997 ,0.00,60.00,0.00,3.87,11.32,22.54,,,,
2/24/2025 12:58:02 PM , 94.887999999999 ,0.00,60.00,0.00,3.87,11.31,22.55,,,,
2/24/2025 12:58:03 PM , 95.2280000000028 ,0.00,60.00,0.00,3.87,11.33,22.49,,,,
2/24/2025 12:58:03 PM , 95.5659999999989 ,0.00,60.00,0.00,3.87,11.29,22.50,,,,
2/24/2025 12:58:03 PM , 95.9190000000017 ,0.00,60.00,0.00,3.87,11.30,22.53,,,,
2/24/2025 12:58:04 PM , 96.2640000000029 ,0.00,60.00,0.00,3.87,11.30,22.48,,,,
2/24/2025 12:58:04 PM , 96.601999999999 ,0.00,60.00,0.00,3.87,11.29,22.52,,,,
2/24/2025 12:58:04 PM , 96.9530000000013 ,0.00,60.00,0.00,3.87,11.30,22.52,,,,
2/24/2025 12:58:05 PM , 97.2920000000013 ,0.00,60.00,0.00,3.87,11.35,22.49,,,,
2/24/2025 12:58:05 PM , 97.6399999999994 ,0.00,60.00,0.00,3.87,11.34,22.52,,,,
2/24/2025 12:58:05 PM , 97.9780000000028 ,0.00,60.00,0.00,3.87,11.34,22.47,,,,
2/24/2025 12:58:06 PM , 98.3260000000009 ,0.00,60.00,0.00,3.87,11.35,22.48,,,,
2/24/2025 12:58:06 PM , 98.6750000000029 ,0.00,60.00,0.00,3.87,11.36,22.49,,,,
2/24/2025 12:58:06 PM , 99.0290000000023 ,0.00,60.00,0.00,3.87,11.34,22.46,,,,
2/24/2025 12:58:07 PM , 99.3709999999992 ,0.00,60.00,0.00,3.87,11.33,22.51,,,,
2/24/2025 12:58:07 PM , 99.724000000002 ,0.00,60.00,0.00,3.87,11.36,22.49,,,,
2/24/2025 12:58:08 PM , 100.078999999998 ,0.00,60.00,0.00,3.87,11.34,22.46,,,,
2/24/2025 12:58:08 PM , 100.425000000003 ,0.00,60.00,0.00,3.87,11.36,22.48,,,,
2/24/2025 12:58:08 PM , 100.777999999998 ,0.00,60.00,0.00,3.87,11.35,22.46,,,,
2/24/2025 12:58:09 PM , 101.114999999998 ,0.00,60.00,0.00,3.87,11.32,22.46,,,,
2/24/2025 12:58:09 PM , 101.464 ,0.00,60.00,0.00,3.87,11.33,22.46,,,,
2/24/2025 12:58:09 PM , 101.801999999996 ,0.00,60.00,0.00,3.87,11.32,22.49,,,,
2/24/2025 12:58:10 PM , 102.154999999999 ,0.00,60.00,0.00,3.87,11.35,22.51,,,,
2/24/2025 12:58:10 PM , 102.493000000002 ,0.00,60.00,0.00,3.87,11.37,22.46,,,,
2/24/2025 12:58:10 PM , 102.830999999998 ,0.00,60.00,0.00,3.87,11.33,22.45,,,,
2/24/2025 12:58:11 PM , 103.169999999998 ,0.00,60.00,0.00,3.87,11.34,22.50,,,,
2/24/2025 12:58:11 PM , 103.508000000002 ,0.00,60.00,0.00,3.87,11.38,22.47,,,,
2/24/2025 12:58:11 PM , 103.873999999996 ,0.00,60.00,0.00,3.87,11.38,22.47,,,,
2/24/2025 12:58:12 PM , 104.235999999997 ,0.00,60.00,0.00,3.87,11.34,22.49,,,,
2/24/2025 12:58:12 PM , 104.574999999997 ,0.00,60.00,0.00,3.87,11.38,22.46,,,,
2/24/2025 12:58:12 PM , 104.938000000002 ,0.00,60.00,0.00,3.87,11.36,22.50,,,,
2/24/2025 12:58:13 PM , 105.279000000002 ,0.00,60.00,0.00,3.87,11.37,22.43,,,,
2/24/2025 12:58:13 PM , 105.637999999999 ,0.00,60.00,0.00,3.87,11.35,22.49,,,,
2/24/2025 12:58:13 PM , 105.976999999999 ,0.00,60.00,0.00,3.87,11.39,22.44,,,,
2/24/2025 12:58:14 PM , 106.324000000001 ,0.00,60.00,0.00,3.87,11.38,22.47,,,,
2/24/2025 12:58:14 PM , 106.661 ,0.00,60.00,0.00,3.87,11.38,22.45,,,,
2/24/2025 12:58:14 PM , 107.014000000003 ,0.00,60.00,0.00,3.87,11.36,22.43,,,,
2/24/2025 12:58:15 PM , 107.353000000003 ,0.00,60.00,0.00,3.87,11.36,22.47,,,,
2/24/2025 12:58:15 PM , 107.692000000003 ,0.00,60.00,0.00,3.87,11.40,22.45,,,,
2/24/2025 12:58:15 PM , 108.046000000002 ,0.00,60.00,0.00,3.87,11.36,22.44,,,,
2/24/2025 12:58:16 PM , 108.383000000002 ,0.00,60.00,0.00,3.87,11.34,22.46,,,,
2/24/2025 12:58:16 PM , 108.722000000002 ,0.00,60.00,0.00,3.87,11.39,22.48,,,,
2/24/2025 12:58:17 PM , 109.061000000002 ,0.00,60.00,0.00,3.87,11.39,22.44,,,,
2/24/2025 12:58:17 PM , 109.419999999998 ,0.00,60.00,0.00,3.87,11.37,22.49,,,,
2/24/2025 12:58:17 PM , 109.756999999998 ,0.00,60.00,0.00,3.87,11.40,22.48,,,,
2/24/2025 12:58:18 PM , 110.108 ,0.00,60.00,0.00,3.87,11.41,22.48,,,,
2/24/2025 12:58:18 PM , 110.445999999996 ,0.00,60.00,0.00,3.87,11.37,22.44,,,,
2/24/2025 12:58:18 PM , 110.794999999998 ,0.00,60.00,0.00,3.87,11.39,22.44,,,,
2/24/2025 12:58:19 PM , 111.133000000002 ,0.00,60.00,0.00,3.87,11.35,22.47,,,,
2/24/2025 12:58:19 PM , 111.483999999997 ,0.00,60.00,0.00,3.87,11.36,22.48,,,,
2/24/2025 12:58:19 PM , 111.822 ,0.00,60.00,0.00,3.87,11.40,22.49,,,,
2/24/2025 12:58:20 PM , 112.161999999997 ,0.00,60.00,0.00,3.87,11.38,22.44,,,,
2/24/2025 12:58:20 PM , 112.514999999999 ,0.00,60.00,0.00,3.87,11.36,22.46,,,,
2/24/2025 12:58:20 PM , 112.868999999999 ,0.00,60.00,0.00,3.87,11.37,22.50,,,,
2/24/2025 12:58:21 PM , 113.209000000003 ,0.00,60.00,0.00,3.87,11.41,22.46,,,,
2/24/2025 12:58:21 PM , 113.559999999998 ,0.00,60.00,0.00,3.87,11.37,22.45,,,,
2/24/2025 12:58:21 PM , 113.906000000003 ,0.00,60.00,0.00,3.87,11.41,22.48,,,,
2/24/2025 12:58:22 PM , 114.262999999999 ,0.00,60.00,0.00,3.87,11.37,22.45,,,,
2/24/2025 12:58:22 PM , 114.616000000002 ,0.00,60.00,0.00,3.87,11.36,22.47,,,,
2/24/2025 12:58:22 PM , 114.966999999997 ,0.00,60.00,0.00,3.87,11.37,22.48,,,,
2/24/2025 12:58:23 PM , 115.309000000001 ,0.00,60.00,0.00,3.87,11.42,22.45,,,,
2/24/2025 12:58:23 PM , 115.648000000001 ,0.00,60.00,0.00,3.87,11.37,22.46,,,,
2/24/2025 12:58:23 PM , 115.998999999996 ,0.00,60.00,0.00,3.87,11.37,22.47,,,,
2/24/2025 12:58:24 PM , 116.347999999998 ,0.00,60.00,0.00,3.87,11.37,22.46,,,,
2/24/2025 12:58:24 PM , 116.701999999997 ,0.00,60.00,0.00,3.87,11.39,22.49,,,,
2/24/2025 12:58:25 PM , 117.055 ,0.00,60.00,0.00,3.87,11.42,22.48,,,,
2/24/2025 12:58:25 PM , 117.453000000001 ,0.00,60.00,0.00,3.87,11.41,22.49,,,,
2/24/2025 12:58:25 PM , 117.805999999997 ,0.00,60.00,0.00,3.87,11.43,22.46,,,,
2/24/2025 12:58:26 PM , 118.144 ,0.00,60.00,0.00,3.87,11.40,22.43,,,,
2/24/2025 12:58:26 PM , 118.496999999996 ,0.00,60.00,0.00,3.87,11.38,22.45,,,,
2/24/2025 12:58:26 PM , 118.834999999999 ,0.00,60.00,0.00,3.87,11.40,22.47,,,,
2/24/2025 12:58:27 PM , 119.176999999996 ,0.00,60.00,0.00,3.87,11.41,22.42,,,,
2/24/2025 12:58:27 PM , 119.529999999999 ,0.00,60.00,0.00,3.87,11.39,22.43,,,,
2/24/2025 12:58:27 PM , 119.866999999998 ,0.00,60.00,0.00,3.87,11.40,22.46,,,,
2/24/2025 12:58:28 PM , 120.207999999999 ,0.00,60.00,0.00,3.87,11.44,22.41,,,,
2/24/2025 12:58:28 PM , 120.559999999998 ,0.00,60.00,0.00,3.87,11.41,22.41,,,,
2/24/2025 12:58:28 PM , 120.919999999998 ,0.00,60.00,0.00,3.87,11.44,22.44,,,,
2/24/2025 12:58:29 PM , 121.260999999999 ,0.00,60.00,0.00,3.87,11.41,22.41,,,,
2/24/2025 12:58:29 PM , 121.614999999998 ,0.00,60.00,0.00,3.87,11.39,22.44,,,,
2/24/2025 12:58:29 PM , 121.964999999997 ,0.00,60.00,0.00,3.87,11.40,22.44,,,,
2/24/2025 12:58:30 PM , 122.309999999998 ,0.00,60.00,0.00,3.87,11.42,22.41,,,,
2/24/2025 12:58:30 PM , 122.652000000002 ,0.00,60.00,0.00,3.87,11.44,22.45,,,,
2/24/2025 12:58:30 PM , 122.989999999998 ,0.00,60.00,0.00,3.87,11.45,22.42,,,,
2/24/2025 12:58:31 PM , 123.332999999999 ,0.00,60.00,0.00,3.87,11.41,22.45,,,,
2/24/2025 12:58:31 PM , 123.686999999998 ,0.00,60.00,0.00,3.87,11.46,22.45,,,,
2/24/2025 12:58:31 PM , 124.025000000001 ,0.00,60.00,0.00,3.87,11.44,22.40,,,,
2/24/2025 12:58:32 PM , 124.362999999998 ,0.00,60.00,0.00,3.87,11.40,22.41,,,,
2/24/2025 12:58:32 PM , 124.716 ,0.00,60.00,0.00,3.87,11.42,22.44,,,,
2/24/2025 12:58:33 PM , 125.055999999997 ,0.00,60.00,0.00,3.87,11.46,22.40,,,,
2/24/2025 12:58:33 PM , 125.394 ,0.00,60.00,0.00,3.87,11.42,22.40,,,,
2/24/2025 12:58:33 PM , 125.746999999996 ,0.00,60.00,0.00,3.87,11.41,22.42,,,,
2/24/2025 12:58:34 PM , 126.099999999999 ,0.00,60.00,0.00,3.87,11.43,22.43,,,,
2/24/2025 12:58:34 PM , 126.451000000001 ,0.00,60.00,0.00,3.87,11.44,22.44,,,,
2/24/2025 12:58:34 PM , 126.803999999996 ,0.00,60.00,0.00,3.87,11.47,22.42,,,,
2/24/2025 12:58:35 PM , 127.154999999999 ,0.00,60.00,0.00,3.87,11.47,22.41,,,,
2/24/2025 12:58:35 PM , 127.508000000002 ,0.00,60.00,0.00,3.87,11.44,22.39,,,,
2/24/2025 12:58:35 PM , 127.860000000001 ,0.00,60.00,0.00,3.87,11.42,22.38,,,,
2/24/2025 12:58:36 PM , 128.201999999997 ,0.00,60.00,0.00,3.87,11.46,22.43,,,,
2/24/2025 12:58:36 PM , 128.555999999997 ,0.00,60.00,0.00,3.87,11.46,22.39,,,,
2/24/2025 12:58:36 PM , 128.894 ,0.00,60.00,0.00,3.87,11.42,22.39,,,,
2/24/2025 12:58:37 PM , 129.241999999998 ,0.00,60.00,0.00,3.87,11.44,22.37,,,,
2/24/2025 12:58:37 PM , 129.591 ,0.00,60.00,0.00,3.87,11.45,22.38,,,,
2/24/2025 12:58:37 PM , 129.942000000003 ,0.00,60.00,0.00,3.87,11.44,22.39,,,,
2/24/2025 12:58:38 PM , 130.294999999998 ,0.00,60.00,0.00,3.87,11.43,22.41,,,,
2/24/2025 12:58:38 PM , 130.654999999999 ,0.00,60.00,0.00,3.87,11.48,22.39,,,,
2/24/2025 12:58:38 PM , 130.991999999998 ,0.00,60.00,0.00,3.87,11.44,22.39,,,,
2/24/2025 12:58:39 PM , 131.339999999997 ,0.00,60.00,0.00,3.87,11.46,22.38,,,,
2/24/2025 12:58:39 PM , 131.678999999996 ,0.00,60.00,0.00,3.87,11.43,22.41,,,,
2/24/2025 12:58:39 PM , 132.029999999999 ,0.00,60.00,0.00,3.87,11.44,22.43,,,,
2/24/2025 12:58:40 PM , 132.368000000002 ,0.00,60.00,0.00,3.87,11.48,22.42,,,,
2/24/2025 12:58:40 PM , 132.716 ,0.00,60.00,0.00,3.87,11.46,22.44,,,,
2/24/2025 12:58:41 PM , 133.055999999997 ,0.00,60.00,0.00,3.87,11.47,22.38,,,,
2/24/2025 12:58:41 PM , 133.394 ,0.00,60.00,0.00,3.87,11.44,22.40,,,,
2/24/2025 12:58:41 PM , 133.746999999996 ,0.00,60.00,0.00,3.87,11.47,22.43,,,,
2/24/2025 12:58:42 PM , 134.101000000002 ,0.00,60.00,0.00,3.87,11.48,22.42,,,,
2/24/2025 12:58:42 PM , 134.451999999997 ,0.00,60.00,0.00,3.87,11.49,22.41,,,,
2/24/2025 12:58:42 PM , 134.805 ,0.00,60.00,0.00,3.87,11.48,22.38,,,,
2/24/2025 12:58:43 PM , 135.142999999996 ,0.00,60.00,0.00,3.87,11.44,22.40,,,,
